series_id;last_polled;done_for_today
20960;;No
20961;;No
20964;;No
21054;;No
21182;;No
21225;;No
21235;;No
21267;;No
21271;;No
21274;;No
21291;;No
21300;;No
21320;;No
21406;;No
21407;;No
21450;;No
21452;;No
21458;;No
21459;;No
21482;;No
21484;;No
21485;;No
21486;;No
21495;;No
21499;;No
21549;;No
21550;;No
21555;;No
21556;;No
21563;;No
21568;;No
21678;;No
21716;;No
21720;;No
21721;;No
21724;;No
21725;;No
21741;;No
21742;;No
21747;;No
21755;;No
21800;;No
21834;;No
21835;;No
21838;;No
21863;;No
21929;;No
